<?xml version="1.0"?>
<arkiv xmlns:xsi="http://www.w3.org/2001/XMLSchema-instance"
	   xmlns:xsd="http://www.w3.org/2001/XMLSchema"
	   xmlns="http://www.arkivverket.no/standarder/noark5/arkivstruktur">
  
  <systemID>200</systemID>
  <tittel>Arkiv Valid Structure</tittel>
  <opprettetDato>1998-01-01T00:00:00</opprettetDato>
  <opprettetAv>Sosialsystem Socio</opprettetAv>
  <avsluttetDato>2013-12-02T14:58:51.4411028+01:00</avsluttetDato>
  <avsluttetAv>Sosialsystem Socio</avsluttetAv>
  
  <arkivskaper>
    <arkivskaperID>201</arkivskaperID>
    <arkivskaperNavn>sesam test</arkivskaperNavn>
  </arkivskaper>
  
  <arkivdel>
    <systemID>202</systemID>
    <tittel>Arkivdel Valid Structure</tittel>
    <arkivdelstatus>Overlappingsperiode</arkivdelstatus>
    <opprettetDato>1998-01-01T00:00:00</opprettetDato>
    <opprettetAv>Sosialsystem Socio</opprettetAv>
    <avsluttetDato>2013-12-02T14:58:51.4411028+01:00</avsluttetDato>
    <avsluttetAv>Sosialsystem Socio</avsluttetAv>
    
    <klassifikasjonssystem>
      <systemID>203</systemID>
      <tittel>Klassification Valid Structure</tittel>
      <klassifikasjonstype>saks</klassifikasjonstype>

      <!-- this is an illegal structure -->
      <registrering xsi:type="journalpost">
        <systemID>207</systemID>
        <opprettetDato>2013-02-19T00:00:00</opprettetDato>
        <opprettetAv>John Smith</opprettetAv>
        <arkivertDato>2013-02-19T00:00:00</arkivertDato>
        <arkivertAv>John Smith</arkivertAv>
        <registreringsID>13.2.884.2</registreringsID>
        <tittel>Søknad om krisehjelp</tittel>
        <noekkelord>25065542822</noekkelord>
        <journalposttype>Inngående dokument</journalposttype>
        <journalstatus>Arkivert</journalstatus>
        <journaldato>2013-01-12</journaldato>
        <korrespondansepart>
          <korrespondanseparttype>Avsender</korrespondanseparttype>
          <korrespondansepartNavn>June Brown</korrespondansepartNavn>
        </korrespondansepart>

        <dokumentobjekt>
          <versjonsnummer>1</versjonsnummer>
          <variantformat>application/apdf</variantformat>
          <opprettetDato>2013-01-12</opprettetDato>
          <opprettetAv>John Smith</opprettetAv>
          <referanseDokumentfil>files/doc-001</referanseDokumentfil>
          <sjekksum>387783573</sjekksum>
          <sjekksumAlgoritem>MD5</sjekksumAlgoritem>
          <filstoerrelse>4556</filstoerrelse>
        </dokumentobjekt>

      </registrering>
      
      <klasse>
        <systemID>204</systemID>
        <klasseID>kl104</klasseID>
        <tittel>Klasse Valid Structure</tittel>
 
        <mappe>
          <systemID>105</systemID>
          <mappeID>25065542822</mappeID>
          <tittel>June Brown</tittel>
          <opprettetDato>1998-01-01T00:00:00</opprettetDato>
          <opprettetAv>Sosialsystem Socio</opprettetAv>
          <avsluttetDato>2013-02-15T00:00:00</avsluttetDato>
          <avsluttetAv>Sosialsystem Socio</avsluttetAv>
          <mappe xsi:type="saksmappe">
            <systemID>206</systemID>
            <mappeID>SOSSAK_884</mappeID>
            <tittel>Søknad om krisehjelp</tittel>
            <opprettetDato>2013-01-12T00:00:00</opprettetDato>
            <opprettetAv>Skillingstad, Heidi</opprettetAv>
            <avsluttetDato>2013-01-12T00:00:00</avsluttetDato>
            <avsluttetAv>Heidi Fjell</avsluttetAv>
            <saksdato>2013-01-12</saksdato>
            <administrativEnhet>Kommunen</administrativEnhet>
            <saksansvarlig>John Smith</saksansvarlig>
            <saksstatus>Avsluttet</saksstatus>
          </mappe>
        </mappe>
      </klasse>
    </klassifikasjonssystem>  
  </arkivdel>
</arkiv>

